<?xml version="1.0" encoding="UTF-8" standalone="yes"?>
<addon id="mikeborkowski0311.github.io" name="mikeborkowski0311" version="1.0" provider-name="mikeborkowski0311">
    <extension point="xbmc.addon.repository" name="Example Repository">
        <dir>
            <info compressed="false">https://raw.githubusercontent.com/mikeborkowski0311/mikeborkowski0311.github.io/master/repo/zips/addons.xml</info>
            <checksum>https://raw.githubusercontent.com/mikeborkowski0311/mikeborkowski0311.github.io/master/repo/zips/addons.xml.md5</checksum>
            <datadir zip="true">https://raw.githubusercontent.com/mikeborkowski0311/mikeborkowski0311.github.io/master/repo/zips/</datadir>
        </dir>
    </extension>
    <extension point="xbmc.addon.metadata">
        <summary>mikeborkowski0311</summary>
        <description>Latest files for Kodi</description>
        <disclaimer></disclaimer>
        <platform>all</platform>
        <assets>
            <icon>icon.png</icon>
            <fanart>fanart.jpg</fanart>
        </assets>
    </extension>
</addon>